residue	rmsf
9.0	1.0
26.0	0.3472392483051713
44.0	0.31716752723103336
56.0	0.2931411521460262
66.0	0.2675840644547969
76.0	0.23960496314612728
93.0	0.21383473825656324
110.0	0.18502246426349422
124.0	0.16153862022879376
134.0	0.1323582001658738
151.0	0.08575865816632376
163.0	0.06179041140813522
175.0	0.06130600868464717
187.0	0.028192238507004305
197.0	0.022360029716208228
207.0	0.023076945746970536
226.0	0.022553790805603446
240.0	0.019472989484219473
262.0	0.020751812674227915
274.0	0.0222437730625711
289.0	0.020713060456348867
296.0	0.015442758824798921
316.0	0.012691351355386819
335.0	0.011315647620680767
359.0	0.009203651746272882
366.0	0.006936647000348824
377.0	0.005560943265642773
387.0	0.002693279142593539
401.0	0.000910677120157528
411.0	0.0021895003101659698
422.0	0.000910677120157528
443.0	0.0011044382095527468
460.0	0.0024607658353192753
479.0	0.0032551863018396732
494.0	0.0069172708914093045
501.0	0.014609586140399481
511.0	0.02989733609368223
521.0	0.031834946987634415
531.0	0.016372812053895968
546.0	0.022573166914542964
558.0	0.01662470147010976
565.0	0.010308089955825628
589.0	0.008816129567482444
605.0	0.008835505676421967
617.0	0.005386558285187077
628.0	0.005483438829884686
647.0	0.009281156182030969
671.0	0.011606289254773595
683.0	0.014299568397367133
697.0	0.011528784819015505
718.0	0.013524524039786259
728.0	0.01819416629421103
752.0	0.017884148551178675
768.0	0.020344914386497954
780.0	0.018581688473001467
787.0	0.012749479682205384
811.0	0.011199390967043633
827.0	0.014493329486762352
851.0	0.017031599757839716
865.0	0.018116661858452936
872.0	0.011703169799471202
884.0	0.012284453067656855
898.0	0.007517930268534481
905.0	0.006277859296405081
917.0	0.009920567777035193
933.0	0.004882779452759507
943.0	0.0074404258327763935
957.0	0.007982956883083004
969.0	0.004437128947150505
986.0	0.005599695483521817
1007.0	0.011199390967043633
1024.0	0.008796753458542925
1048.0	0.008758001240663879
1072.0	0.010230585520067541
1096.0	0.009707430578700452
1111.0	0.007653563031111134
1123.0	0.008680496804905792
1139.0	0.010501851045220847
1149.0	0.010172457193248977
1168.0	0.010521227154160368
1185.0	0.01222632474083829
1195.0	0.013272634623572475
1210.0	0.013834541782818607
1229.0	0.016062794310863625
1236.0	0.012826984117963474
1255.0	0.013001369098419167
1262.0	0.010230585520067541
1272.0	0.006490996494739822
1293.0	0.004611513927606202
1317.0	0.00333269073759776
1337.0	0.0011238143184922665
1348.0	0.0011625665363713114
1367.0	0.0003487699609113927
1377.0	0.00135632762576653
1403.0	0.004766522799122378
1415.0	0.005851584899735601
1439.0	0.006297235405344603
1458.0	0.006801014237772172
1477.0	0.011664417581592158
1489.0	0.009920567777035193
1503.0	0.0068785186735302595
1510.0	0.010792492679313674
1534.0	0.014512705595701872
1543.0	0.014687090576157571
1555.0	0.011083134313406502
1565.0	0.010424346609462759
1584.0	0.015365254389040836
1601.0	0.017767891897541545
1623.0	0.019085467305429035
1630.0	0.01197443532462451
1649.0	0.013272634623572475
1661.0	0.009106771201575273
1681.0	0.00637473984110269
1702.0	0.010656859916737023
1726.0	0.011567537036894551
1750.0	0.007886076338385395
1769.0	0.009339284508849537
1779.0	0.013350139059330563
1791.0	0.011528784819015505
1806.0	0.010075576648551366
1825.0	0.014357696724185697
1844.0	0.016489068707533104
1854.0	0.015326502171161792
1876.0	0.01699284753996067
1883.0	0.011993811433564032
1902.0	0.011645041472652636
1921.0	0.008932386221119576
1933.0	0.006994775327167391
1949.0	0.0037783412432067618
1959.0	0.0019376108939521863
1973.0	0.0016663453687988806
1992.0	0.00038752217879043624
2013.0	0.0
2030.0	0.0004844027234880455
2054.0	0.0018601064581940966
2066.0	0.0034295712822953696
2087.0	0.00457276170972716
2099.0	0.006529748712618867
2116.0	0.008506111824450097
2131.0	0.007517930268534481
2150.0	0.00678163812883265
2165.0	0.009804311123398062
2179.0	0.011955059215684988
2189.0	0.011393152056438852
2196.0	0.006277859296405081
2203.0	0.0039527262236624585
2229.0	0.006355363732163171
2241.0	0.007382297505957829
2256.0	0.007227288634441652
2280.0	0.008312350735054878
2290.0	0.005250925522610423
2304.0	0.004611513927606202
2314.0	0.007072279762925479
2329.0	0.00563844770140086
2353.0	0.0027320313604725813
2373.0	0.005154044977912813
2383.0	0.006432868167921257
2398.0	0.0039333501147229355
2419.0	0.004107735095178635
2429.0	0.0071885364165626105
2439.0	0.007847324120506354
2458.0	0.006452244276860779
2468.0	0.007653563031111134
2478.0	0.010734364352495111
2490.0	0.010734364352495111
2500.0	0.009378036726728578
2519.0	0.011955059215684988
2526.0	0.014047678981153349
2538.0	0.012575094701749685
2562.0	0.008835505676421967
2578.0	0.010811868788253198
2600.0	0.007982956883083004
2614.0	0.005425310503066119
2638.0	0.0032358101929001507
2652.0	0.001918234785012664
2666.0	0.003293938519718715
2685.0	0.0004844027234880455
2699.0	0.004805275017001421
2716.0	0.002286380854863579
2728.0	0.003468323500174411
2752.0	0.0039333501147229355
2763.0	0.0038945978968438935
2774.0	0.0039527262236624585
2784.0	0.006549124821558389
2804.0	0.007130408089744043
2823.0	0.006839766455651214
2830.0	0.007634186922171612
2851.0	0.009048642874756709
2858.0	0.011916306997805942
2869.0	0.012904488553721557
2876.0	0.012439461939173035
2892.0	0.008816129567482444
2909.0	0.007266040852320697
2921.0	0.008176717972478223
2933.0	0.010463098827341803
2940.0	0.011451280383257417
2964.0	0.013873294000697652
2978.0	0.01313700186099582
2992.0	0.012865736335842513
3004.0	0.011548160927955027
3020.0	0.008699872913845315
3030.0	0.006723509802014086
3040.0	0.0071497841986835654
3059.0	0.006684757584135041
3083.0	0.004049606768360068
3093.0	0.0034876996091139337
3103.0	0.004088358986239112
3120.0	0.0032745624107791923
3137.0	0.0016857214777384003
3156.0	0.0027901596872911484
3170.0	0.003972102332601981
3189.0	0.003042049103504932
3196.0	0.0022670047459240564
3213.0	0.004747146690182856
3220.0	0.004960283888517595
3239.0	0.003739589025327717
3249.0	0.005115292760033771
3265.0	0.007595434704292567
3282.0	0.0076923152489901765
3292.0	0.007266040852320697
3311.0	0.009901191668095671
3335.0	0.011935683106745466
3347.0	0.011083134313406502
3371.0	0.01197443532462451
3392.0	0.017089728084658282
3404.0	0.019007962869670943
3414.0	0.01829104683890864
3426.0	0.012071315869322119
3436.0	0.009397412835668102
3453.0	0.006839766455651214
3464.0	0.0052315494136709025
3475.0	0.0031195535392630185
3491.0	0.003545827935932501
3505.0	0.0054059343941266
3524.0	0.006704133693074563
3538.0	0.00866112069596627
3557.0	0.010094952757490889
3574.0	0.01333076295039104
3591.0	0.015462134933738447
3607.0	0.019550493919977558
3633.0	0.023231954618486712
3645.0	0.029335428934436098
3664.0	0.030730508778081665
3678.0	0.034121327842497995
3690.0	0.03187369920551346
3701.0	0.03276500021673147
3713.0	0.032493734691578166
3723.0	0.026835910881237778
3735.0	0.024588282244253242
3745.0	0.025150189403499376
3757.0	0.022030635864236352
3767.0	0.018039157422694855
3783.0	0.018000405204815807
3807.0	0.01739974582769063
3831.0	0.014318944506306653
3850.0	0.012730103573265863
3862.0	0.012129444196140683
3872.0	0.010056200539611844
3891.0	0.008951762330059098
3901.0	0.007634186922171612
3915.0	0.008602992369147707
3939.0	0.006510372603679345
3955.0	0.00530905384942899
3975.0	0.007595434704292567
3989.0	0.008292974626115356
3998.0	0.006646005366255996
4010.0	0.006355363732163171
4027.0	0.009591173925063319
4046.0	0.011586913145834071
4063.0	0.009862439450216627
4070.0	0.009823687232337583
4080.0	0.009300532290970493
4103.0	0.012865736335842513
4115.0	0.015559015478436055
4130.0	0.017787268006481064
4142.0	0.013815165673879087
4161.0	0.013543900148725783
4177.0	0.018523560146182897
4199.0	0.018794825671336203
4211.0	0.01623717929131932
4225.0	0.020635556020590782
4235.0	0.022883184657575318
4242.0	0.01956987002891708
4261.0	0.016295307618137887
4275.0	0.01856231236406194
4287.0	0.012613846919628729
4311.0	0.014822723338734226
4322.0	0.012168196414019727
4342.0	0.009843063341277103
4358.0	0.012594470810689208
4382.0	0.01689596699526306
4394.0	0.015171493299645619
4401.0	0.00908739509263575
4413.0	0.009610550034002843
4432.0	0.012265076958717336
4456.0	0.009552421707184278
4475.0	0.006549124821558389
4485.0	0.008060461318841092
4502.0	0.008428607388692009
4519.0	0.009746182796579494
4541.0	0.008486735715510573
4560.0	0.010172457193248977
4572.0	0.009029266765817187
4592.0	0.0071885364165626105
4611.0	0.005832208790796079
4618.0	0.007091655871865001
4634.0	0.006723509802014086
4648.0	0.010521227154160368
4669.0	0.02303819352909149
4690.0	0.0168378386684445
4703.0	0.016702205905867844
4715.0	0.016954095322081628
4729.0	0.02048054714907461
4748.0	0.022069388082115397
4764.0	0.0297810794400451
4775.0	0.04349936456922657
4790.0	0.050513516005333485
4800.0	0.055163782150818734
4812.0	0.06824265568499599
4819.0	0.07827948011566832
4830.0	0.08804503902118734
4837.0	0.09695804913336738
4851.0	0.09666740749927455
4868.0	0.09290844236500732
4882.0	0.07142033755107757
4893.0	0.05983342440524351
4905.0	0.04776210853592138
4912.0	0.037841540758886204
4929.0	0.03443134558553034
4936.0	0.032319349711122464
4960.0	0.03158305757142063
4971.0	0.04609576316712251
4981.0	0.03561328823084118
4998.0	0.02394887064924902
5011.0	0.0179035246601182
5023.0	0.027417194149423434
5049.0	0.042414302468613344
5061.0	0.043111842390436146
5068.0	0.043751253985440365
5078.0	0.044468170016202666
5090.0	0.04163925811103247
5114.0	0.0444875461251422
5130.0	0.037589651342672406
5140.0	0.03047861936186788
5160.0	0.02609961874153595
5177.0	0.02526644605713651
5196.0	0.02423951228334185
5210.0	0.027804716328213873
5222.0	0.02509206107668081
5229.0	0.02394887064924902
5244.0	0.020151153297102736
5258.0	0.017341617500872066
5272.0	0.018174790185271503
5282.0	0.01933735672164282
5299.0	0.02125559150665548
5306.0	0.018697945126638596
5330.0	0.018039157422694855
5340.0	0.018911082324973332
5356.0	0.01736099360981159
5370.0	0.0179035246601182
5382.0	0.019511741702098514
5393.0	0.017244736956174452
5400.0	0.014861475556613263
5419.0	0.01716723252041637
5440.0	0.017612883026025372
5455.0	0.014241440070548568
5474.0	0.014028302872213825
5493.0	0.017767891897541545
5517.0	0.01623717929131932
5541.0	0.013272634623572475
5560.0	0.016120922637682184
5571.0	0.01865919290875955
5582.0	0.01614029874662171
5594.0	0.014745218902976136
5616.0	0.018523560146182897
5628.0	0.01730286528299302
5638.0	0.013195130187814385
5659.0	0.01230382917659638
5671.0	0.010463098827341803
5690.0	0.008874257894301012
5706.0	0.008370479061873442
5725.0	0.005619071592461338
5739.0	0.006994775327167391
5754.0	0.009339284508849537
5768.0	0.010656859916737023
5775.0	0.011916306997805942
5785.0	0.011199390967043633
5795.0	0.0177291396796625
5815.0	0.01397017454539526
5832.0	0.013098249643116774
5844.0	0.02102307819938122
5865.0	0.0206549321295303
5875.0	0.029529190023831316
5889.0	0.04661891810848959
5901.0	0.04237555025073431
5916.0	0.03644646091524062
5923.0	0.021100582635139305
5937.0	0.016198427073440276
5953.0	0.018077909640573896
5967.0	0.016082170419803143
5981.0	0.018387927383606246
5993.0	0.017031599757839716
6008.0	0.014105807307971913
6032.0	0.015229621626464183
6051.0	0.01716723252041637
6061.0	0.014958356101310874
6082.0	0.013815165673879087
6098.0	0.016799086450565454
6122.0	0.018387927383606246
6134.0	0.015190869408585137
6151.0	0.015578391587375574
6170.0	0.019046715087549987
6180.0	0.01819416629421103
6190.0	0.016043418201924103
6206.0	0.018697945126638596
6223.0	0.020364290495437476
6247.0	0.01856231236406194
6257.0	0.018911082324973332
6276.0	0.022611919132422012
6298.0	0.023018817420151973
6310.0	0.022650671350301053
6317.0	0.0172834891740535
6328.0	0.015907785439347448
6340.0	0.013388891277209604
6356.0	0.012633223028568254
6380.0	0.01114126264022507
6387.0	0.010230585520067541
6408.0	0.007944204665203963
6428.0	0.008680496804905792
6447.0	0.0066266292573164765
6471.0	0.00554156715670325
6482.0	0.00637473984110269
6501.0	0.00563844770140086
6520.0	0.00530905384942899
6532.0	0.0046696422544247685
6546.0	0.0032551863018396732
6566.0	0.004766522799122378
6581.0	0.006142226533828429
6605.0	0.011606289254773595
6615.0	0.009261780073091449
6632.0	0.007052903653985956
6639.0	0.007130408089744043
6660.0	0.012245700849777818
6671.0	0.011877554779926901
6693.0	0.010463098827341803
6717.0	0.00916489952839384
6737.0	0.0069172708914093045
6744.0	0.009533045598244754
6754.0	0.007750443575808744
6770.0	0.008002332992022528
6791.0	0.007343545288078784
6807.0	0.010695612134616065
6819.0	0.012691351355386819
6842.0	0.016740958123746888
6854.0	0.015055236646008482
6868.0	0.010482474936281327
6875.0	0.009881815559156147
6889.0	0.007982956883083004
6913.0	0.009843063341277103
6934.0	0.010792492679313674
6946.0	0.011993811433564032
6968.0	0.016101546528742666
6978.0	0.013020745207358693
6989.0	0.010714988243555587
6999.0	0.014648338358278527
7023.0	0.016101546528742666
7047.0	0.012904488553721557
7068.0	0.013543900148725783
7078.0	0.01689596699526306
7093.0	0.016489068707533104
7109.0	0.015035860537068964
7119.0	0.018039157422694855
7143.0	0.020713060456348867
7157.0	0.01925985228588473
7164.0	0.020441794931195564
7180.0	0.019821759445130864
7201.0	0.02125559150665548
7213.0	0.020073648861344648
7227.0	0.026312755939870685
7237.0	0.04105797484284682
7244.0	0.053439308455201284
7258.0	0.07066466930243623
7270.0	0.098837531700501
7284.0	0.11509408710075984
7295.0	0.11974435324624509
7306.0	0.13627217417165724
7317.0	0.15262561011661369
7333.0	0.17742702955920164
7345.0	0.20815753833728334
7367.0	0.22466598315375594
7386.0	0.2515600223618123
7396.0	0.27190493674831023
7406.0	0.2971520066965072
7416.0	0.31978330193786875
7435.0	0.35008753631928097
7450.0	0.37250569436230774
7467.0	0.40203488438613905
7484.0	0.42867703417798164
7501.0	0.4588262596878777
7518.0	0.47370711135343047
7535.0	0.4954664816925135
